section_name,firstname,pub_date,gender
Politics,Jim,2017-11-02,M
Middle East,Rick,2017-11-02,M
Politics,Michael,2017-11-02,M
Politics,A.,2017-11-02,U
Sunday Review,Jill,2017-11-02,F
Soccer,Kevin,2017-11-02,M
Dance,Gia,2017-11-02,F
DealBook,Gina,2017-11-02,F
Economy,Conor,2017-11-02,M
Media,John,2017-11-02,M
Music,David,2017-11-02,M
Media,Sydney,2017-11-02,F
Lesson Plans,Katherine,2017-11-02,F
Politics,Alan,2017-11-02,M
Politics,Eric,2017-11-02,M
Europe,Aurelien,2017-11-02,U
Europe,Ceylan,2017-11-02,F
Wheels,Stephen,2017-11-02,M
Sunday Review,Aatish,2017-11-02,M
Golf,Karen,2017-11-02,F
Europe,Rick,2017-11-02,M
Europe,Raphael,2017-11-02,M
Economy,Binyamin,2017-11-02,M
Art & Design,Graham,2017-11-02,M
Art & Design,Jason,2017-11-02,M
Europe,Jason,2017-11-02,M
"Wine, Beer & Cocktails",Eric,2017-11-02,M
Art & Design,Holland,2017-11-02,GN
Politics,Nicholas,2017-11-02,M
Politics,Eileen,2017-11-02,F
Middle East,David,2017-11-02,M
Economy,Ben,2017-11-02,M
Baseball,James,2017-11-02,M
Baseball,David,2017-11-02,M
Men’s Style,Steven,2017-11-02,M
Television,James,2017-11-02,M
Economy,Ana,2017-11-02,F
Art & Design,Roberta,2017-11-02,F
Personal Tech,J.,2017-11-02,U
Asia Pacific,Steven,2017-11-02,M
Politics,Jim,2017-11-02,M
Baseball,Tyler,2017-11-02,M
Asia Pacific,Matthew,2017-11-02,M
Europe,Stephen,2017-11-02,M
DealBook,Andrew,2017-11-02,M
Asia Pacific,Hannah,2017-11-02,F
Australia,Russell,2017-11-02,M
Family,Stacey,2017-11-02,F
The Daily,Michael,2017-11-02,M
Television,Giovanni,2017-11-02,M
Education Life,Erik,2017-11-02,M
Politics,Peter,2017-11-02,M
Politics,Linda,2017-11-02,F
Pro Football,Ben,2017-11-02,M
Education Life,Anemona,2017-11-02,U
Book Review,Michael,2017-11-02,M
Men’s Style,Alex,2017-11-02,M
Book Review,Michael,2017-11-02,M
Americas,Eric,2017-11-02,M
Television,Andrew,2017-11-02,M
Pro Football,Ben,2017-11-02,M
Europe,Adam,2017-11-02,M
Politics,Megan,2017-11-02,F
Television,Jeremy,2017-11-02,M
Baseball,James,2017-11-02,M
Politics,Yousur,2017-11-02,U
Politics,Charlie,2017-11-02,M
Australia,Damien,2017-11-01,M
Media,Brooks,2017-11-01,M
Pro Basketball,Scott,2017-11-01,M
Politics,Scott,2017-11-01,M
Europe,Stephen,2017-11-01,M
Personal Tech,Brian,2017-11-01,M
Europe,Raphael,2017-11-01,M
Politics,Maggie,2017-11-01,F
Politics,Chris,2017-11-01,M
Weddings,Marianne,2017-11-01,F
Mind,Nicholas,2017-11-01,M
Middle East,Isabel,2017-11-01,F
Americas,Daniel,2017-11-01,M
Men’s Style,Alex,2017-11-01,M
Live,Nicholas,2017-11-01,M
Lesson Plans,Michael,2017-11-01,M
Art & Design,Colin,2017-11-01,M
DealBook,Richard,2017-11-01,M
Personal Tech,Motoko,2017-11-01,U
Music,Jon,2017-11-01,M
Politics,Cecilia,2017-11-01,F
Food,Lindsey,2017-11-01,F
Music,,2017-11-01,U
Dance,Gia,2017-11-01,F
Art & Design,Roberta,2017-11-01,F
Olympics,Andrew,2017-11-01,M
Asia Pacific,Javier,2017-11-01,M
Economy,Ana,2017-11-01,F
Americas,Rick,2017-11-01,M
Music,Jon,2017-11-01,M
Asia Pacific,Meher,2017-11-01,F
Hockey,Seth,2017-11-01,M
Media,Sydney,2017-11-01,F
Middle East,Shuaib,2017-11-01,M
Asia Pacific,Andrew,2017-11-01,M
Television,Austin,2017-11-01,M
Men’s Style,Guy,2017-11-01,M
Politics,Jim,2017-11-01,M
Men’s Style,Barry,2017-11-01,M
Baseball,James,2017-11-01,M
Asia Pacific,Jane,2017-11-01,F
Music,Seth,2017-11-01,M
Personal Tech,J.,2017-11-01,U
Baseball,Tyler,2017-11-01,M
Asia Pacific,Motoko,2017-11-01,U
Travel,Kate,2017-11-01,F
Art,Gabé,2017-11-01,U
Art & Design,Melissa,2017-11-01,F
Politics,Eric,2017-11-01,M
Media,Sydney,2017-11-01,F
Politics,Peter,2017-11-01,M
DealBook,Andrew,2017-11-01,M
The Daily,Michael,2017-11-01,M
Move,Gretchen,2017-11-01,F
Mind,Michele,2017-11-01,F
Australia,Jacqueline,2017-11-01,F
Education Life,Eric,2017-11-01,M
Television,Giovanni,2017-11-01,M
Music,Taffy,2017-11-01,F
Book Review,Jabari,2017-11-01,M
Book Review,Susan,2017-11-01,F
Politics,Nicholas,2017-11-01,M
Book Review,Tamar,2017-11-01,F
Education Life,Eric,2017-11-01,M
Education Life,Steve,2017-11-01,M
Music,Kaitlyn,2017-11-01,F
Television,Andrew,2017-11-01,M
Politics,Natalia,2017-11-01,F
Politics,Matt,2017-11-01,M
Politics,Katie,2017-11-01,F
Middle East,David,2017-11-04,M
College Football,Marc,2017-11-04,M
Asia Pacific,Megan,2017-11-04,F
Politics,Michael,2017-11-04,M
Sunday Review,Jon,2017-11-04,M
DealBook,Michael,2017-11-04,M
Sunday Review,Katherine,2017-11-04,F
DealBook,Michael,2017-11-04,M
Sunday Review,Laura,2017-11-04,F
Sunday Review,Nicholas,2017-11-04,M
Sunday Review,David,2017-11-04,M
Sunday Review,Aaron,2017-11-04,M
Africa,Raluca,2017-11-04,U
Sunday Review,Adam,2017-11-04,M
Asia Pacific,Suhasini,2017-11-04,U
Sunday Review,Ed,2017-11-04,M
Politics,Charlie,2017-11-04,M
Media,Sapna,2017-11-04,F
Politics,Jeremy,2017-11-04,M
Asia Pacific,Mark,2017-11-04,M
Asia Pacific,Najim,2017-11-04,U
Canada,Ian,2017-11-04,M
Asia Pacific,Chris,2017-11-04,M
Weddings,Nina,2017-11-04,F
Weddings,Kasia,2017-11-04,F
Middle East,Anne,2017-11-04,F
Asia Pacific,Steven,2017-11-04,M
Africa,Jeffrey,2017-11-04,M
Soccer,Andrew,2017-11-04,M
Television,Gabe,2017-11-04,M
Television,Matt,2017-11-04,M
Politics,Peter,2017-11-04,M
Baseball,Tyler,2017-11-04,M
Baseball,Billy,2017-11-04,M
Politics,Mark,2017-11-04,M
Politics,Michael,2017-11-04,M
Politics,Alan,2017-11-03,M
Politics,Linda,2017-11-03,F
Canada,Ian,2017-11-03,M
Politics,Robert,2017-11-03,M
DealBook,Robert,2017-11-03,M
Politics,Jeremy,2017-11-03,M
Media,Sydney,2017-11-03,F
Middle East,Camilla,2017-11-03,F
Europe,David,2017-11-03,M
Africa,Thomas,2017-11-03,M
Asia Pacific,Salman,2017-11-03,M
Asia Pacific,Rick,2017-11-03,M
Hockey,Dave,2017-11-03,M
DealBook,Michael,2017-11-03,M
Art & Design,Roberta,2017-11-03,F
Americas,Kirk,2017-11-03,M
Europe,Raphael,2017-11-03,M
Art & Design,Peter,2017-11-03,M
Music,Jon,2017-11-03,M
Education Life,Jane,2017-11-03,F
Politics,Glenn,2017-11-03,M
Sunday Review,Krista,2017-11-03,F
College Football,Zach,2017-11-03,M
Politics,Jim,2017-11-03,M
Olympics,Tariq,2017-11-03,M
Music,Daniel,2017-11-03,M
Book Review,Grace,2017-11-03,F
"Wine, Beer & Cocktails",Orr,2017-11-03,M
Book Review,Gregory,2017-11-03,M
Asia Pacific,Choe,2017-11-03,U
Music,Zachary,2017-11-03,M
Sunday Review,Ross,2017-11-03,M
Europe,Neil,2017-11-03,M
Education Life,Nick,2017-11-03,M
Education Life,Jane,2017-11-03,F
Education Life,Interview,2017-11-03,U
Europe,Carlotta,2017-11-03,F
Europe,Liam,2017-11-03,M
Politics,Adam,2017-11-03,M
Politics,Mark,2017-11-03,M
Television,James,2017-11-03,M
Horse Racing,Joe,2017-11-03,M
Pro Football,Victor,2017-11-03,M
Asia Pacific,Mujib,2017-11-03,U
Fashion & Beauty,Lindsay,2017-11-03,F
Politics,Alicia,2017-11-03,F
Television,Kathryn,2017-11-03,F
Television,Joy,2017-11-03,F
Dance,Gia,2017-11-03,F
Personal Tech,J.,2017-11-03,U
Politics,Peter,2017-11-03,M
DealBook,Andrew,2017-11-03,M
Music,Ryan,2017-11-03,M
Energy & Environment ,Stanley,2017-11-03,M
DealBook,Andrew,2017-11-03,M
Asia Pacific,Sui-lee,2017-11-03,U
The Daily,Michael,2017-11-03,M
Weddings,Alix,2017-11-03,F
Eat,Roni,2017-11-03,F
Family,Leslie,2017-11-03,F
Live,Toby,2017-11-03,M
DealBook,Alexandra,2017-11-03,F
Middle East,Anne,2017-11-03,F
Art & Design,Jori,2017-11-03,F
Education Life,Rochelle,2017-11-03,F
Asia Pacific,Jeffrey,2017-11-03,M
Economy,Ben,2017-11-03,M
Book Review,Martin,2017-11-03,M
Pro Basketball,Marc,2017-11-03,M
Book Review,Kevin,2017-11-03,M
Book Review,Duncan,2017-11-03,M
Book Review,Stephanie,2017-11-03,F
Book Review,N.,2017-11-03,U
Book Review,Nina,2017-11-03,F
Book Review,Justin,2017-11-03,M
Book Review,Joumana,2017-11-03,U
Education Life,Jeffrey,2017-11-03,M
Asia Pacific,Evan,2017-11-03,M
Television,Giovanni,2017-11-03,M
Sunday Review,Frank,2017-11-03,M
Lesson Plans,Shannon,2017-11-03,F
Politics,Anna,2017-11-03,F
Asia Pacific,Motoko,2017-11-03,U
Music,Ekow,2017-11-03,M
Asia Pacific,Motoko,2017-11-03,U
Television,Andrew,2017-11-03,M
Politics,Noah,2017-11-03,M
Americas,Kirk,2017-11-03,M
Americas,Nicholas,2017-11-03,M
Politics,Mark,2017-11-03,M
Asia Pacific,Nilo,2017-11-03,M
Politics,Katie,2017-11-03,F
Politics,Robert,2017-11-03,M
Politics,Maggie,2017-11-03,F
Hockey,Gary,2017-11-03,M
Economy,Patricia,2017-11-03,F
Media,Brooks,2017-11-06,M
Asia Pacific,Jonathan,2017-11-06,M
Baseball,Kevin,2017-11-06,M
Politics,Anna,2017-11-06,F
Politics,Mike,2017-11-06,M
Middle East,Stephen,2017-11-06,M
Pro Basketball,Harvey,2017-11-06,M
Politics,Jim,2017-11-06,M
Africa,Jeffrey,2017-11-06,M
Politics,Nicholas,2017-11-06,M
Dance,Siobhan,2017-11-06,F
College Football,Marc,2017-11-06,M
DealBook,Richard,2017-11-06,M
Africa,Helene,2017-11-06,F
Book Review,Dwight,2017-11-06,M
Television,Mike,2017-11-06,M
Music,Ben,2017-11-06,M
Europe,Elisabetta,2017-11-06,F
Politics,Adam,2017-11-06,M
Music,Annalisa,2017-11-06,F
Europe,Stephen,2017-11-06,M
Music,Joshua,2017-11-06,M
Olympics,Tariq,2017-11-06,M
Television,Sopan,2017-11-06,U
Personal Tech,J.,2017-11-06,U
Pro Basketball,Victor,2017-11-06,M
Economy,Landon,2017-11-06,M
Europe,Matthew,2017-11-06,M
DealBook,Michael,2017-11-06,M
Middle East,David,2017-11-06,M
Asia Pacific,Mark,2017-11-06,M
Live,Jane,2017-11-06,F
Family,Perri,2017-11-06,F
The Daily,Michael,2017-11-06,M
Asia Pacific,Jane,2017-11-06,F
Book Review,Meryl,2017-11-06,F
Book Review,Valerie,2017-11-06,F
Politics,Adam,2017-11-06,M
Pro Football,Ken,2017-11-06,M
Television,Gabe,2017-11-06,M
Asia Pacific,Kai,2017-11-06,M
Politics,Noah,2017-11-06,M
Soccer,Kevin,2017-11-06,M
Television,Charles,2017-11-06,M
Television,Genevieve,2017-11-06,F
Media,Jim,2017-11-06,M
Middle East,Anne,2017-11-06,F
Europe,Andrew,2017-11-05,M
Politics,Jonathan,2017-11-05,M
Middle East,Ben,2017-11-05,M
Middle East,David,2017-11-05,M
Media,Sapna,2017-11-05,F
Politics,Alan,2017-11-05,M
Africa,Kimiko,2017-11-05,F
Television,Jason,2017-11-05,M
Art & Design,Daniel,2017-11-05,M
Politics,Nicholas,2017-11-05,M
Canada,Dan,2017-11-05,M
Americas,Shasta,2017-11-05,F
Media,Matt,2017-11-05,M
Americas,Photographs,2017-11-05,U
Europe,Miroslava,2017-11-05,F
Europe,Milan,2017-11-05,M
Middle East,Mark,2017-11-05,M
Middle East,Sergio,2017-11-05,M
Space & Cosmos,Nick,2017-11-05,M
Europe,Thomas,2017-11-05,M
Television,Dave,2017-11-05,M
Television,Andrew,2017-11-05,M
Asia Pacific,Julie,2017-11-05,F
Europe,Elisabetta,2017-11-05,F
Middle East,Shuaib,2017-11-05,M
Politics,Carl,2017-11-05,M
Europe,Melissa,2017-11-08,F
Politics,Chris,2017-11-08,M
Asia Pacific,Photographs,2017-11-08,U
Energy & Environment ,Clifford,2017-11-08,M
Pro Basketball,Victor,2017-11-08,M
DealBook,Tiffany,2017-11-08,F
Politics,Alan,2017-11-08,M
Politics,Emily,2017-11-08,F
DealBook,Matthew,2017-11-08,M
Art & Design,Jason,2017-11-08,M
Soccer,Andrew,2017-11-08,M
Politics,Michael,2017-11-08,M
Europe,Raphael,2017-11-08,M
Soccer,Tariq,2017-11-08,M
Energy & Environment ,Jack,2017-11-08,M
Politics,Ron,2017-11-08,M
Europe,Stephen,2017-11-08,M
Europe,Melissa,2017-11-08,F
Music,Anthony,2017-11-08,M
Politics,Nick,2017-11-08,M
Politics,Alexander,2017-11-08,M
Media,John,2017-11-08,M
DealBook,Michael,2017-11-08,M
Live,Nicholas,2017-11-08,M
Art & Design,Annalisa,2017-11-08,F
Politics,Anna,2017-11-08,F
Asia Pacific,Kai,2017-11-08,M
Politics,Ana,2017-11-08,F
Dance,Gia,2017-11-08,F
Politics,Gardiner,2017-11-08,M
Middle East,Rick,2017-11-08,M
Middle East,Thomas,2017-11-08,M
Art,,2017-11-08,U
Personal Tech,Declan,2017-11-08,M
Australia,Isabella,2017-11-08,F
Politics,Jonah,2017-11-08,M
Personal Tech,Laura,2017-11-08,F
Book Review,Maria,2017-11-08,F
Art & Design,Robin,2017-11-08,F
Politics,Sheryl,2017-11-08,F
Television,Austin,2017-11-08,M
Politics,Barbara,2017-11-08,F
Fashion & Beauty,Angela,2017-11-08,F
Art & Design,Sopan,2017-11-08,U
Music,Joe,2017-11-08,M
Personal Tech,J.,2017-11-08,U
Europe,Jason,2017-11-08,M
DealBook,Michael,2017-11-08,M
Art & Design,Roberta,2017-11-08,F
Asia Pacific,Felipe,2017-11-08,M
Politics,Robin,2017-11-08,F
The Daily,Sabrina,2017-11-08,F
Move,Gretchen,2017-11-08,F
Family,Nicholas,2017-11-08,M
Television,Giovanni,2017-11-08,M
Music,Michael,2017-11-08,M
Politics,Michael,2017-11-08,M
Book Review,Aminatta,2017-11-08,U
Book Review,Adam,2017-11-08,M
Book Review,Dylan,2017-11-08,M
Book Review,Rumaan,2017-11-08,U
Asia Pacific,Mark,2017-11-08,M
Asia Pacific,Julie,2017-11-08,F
Politics,Nate,2017-11-08,M
Art & Design,Peter,2017-11-08,M
Television,Andrew,2017-11-08,M
Europe,Stephen,2017-11-08,M
Baseball,Tyler,2017-11-08,M
Politics,Matthew,2017-11-08,M
Politics,Michael,2017-11-08,M
Politics,Trip,2017-11-08,M
Asia Pacific,Julie,2017-11-08,F
Middle East,Rick,2017-11-08,M
Middle East,Nicholas,2017-11-08,M
Politics,Jonathan,2017-11-08,M
Baseball,Billy,2017-11-08,M
Art & Design,Colin,2017-11-08,M
Media,Sydney,2017-11-08,F
Media,Brooks,2017-11-08,M
Politics,Robert,2017-11-07,M
Politics,Gardiner,2017-11-07,M
Lesson Plans,Margaret,2017-11-07,F
Middle East,Anne,2017-11-07,F
Commercial Real Estate,Rosalie,2017-11-07,F
Live,Roni,2017-11-07,F
Politics,Adam,2017-11-07,M
Music,Jonah,2017-11-07,M
Media,Michael,2017-11-07,M
Dance,Brian,2017-11-07,M
DealBook,Tom,2017-11-07,M
Europe,Gaia,2017-11-07,F
Europe,Ellen,2017-11-07,F
Europe,Carlotta,2017-11-07,F
Middle East,David,2017-11-07,M
Europe,Ivan,2017-11-07,M
DealBook,Amie,2017-11-07,F
Economy,Eduardo,2017-11-07,M
Dance,Roslyn,2017-11-07,F
Dance,Alastair,2017-11-07,M
Live,Nicholas,2017-11-07,M
Politics,Jim,2017-11-07,M
Asia Pacific,Choe,2017-11-07,U
Asia Pacific,Hari,2017-11-07,M
Middle East,Rod,2017-11-07,M
Music,Zachary,2017-11-07,M
Personal Tech,J.,2017-11-07,U
DealBook,David,2017-11-07,M
Politics,Michael,2017-11-07,M
Hockey,Seth,2017-11-07,M
Politics,Mark,2017-11-07,M
Eat,Roni,2017-11-07,F
Family,Amy,2017-11-07,F
The Daily,Michael,2017-11-07,M
Asia Pacific,Fahim,2017-11-07,M
Television,Giovanni,2017-11-07,M
Americas,Max,2017-11-07,M
Book Review,Philip,2017-11-07,M
Book Review,Leonard,2017-11-07,M
Book Review,Kai,2017-11-07,M
Television,Pamela,2017-11-07,F
Book Review,Nadia,2017-11-07,F
Book Review,Nicole,2017-11-07,F
Asia Pacific,Julie,2017-11-07,F
Television,Siobhán,2017-11-07,U
Asia Pacific,Alan,2017-11-07,M
Art & Design,Doreen,2017-11-07,F
Australia,Jacqueline,2017-11-07,F
Soccer,Andrew,2017-11-07,M
Television,Gabe,2017-11-07,M
Pro Football,Benjamin,2017-11-07,M
Politics,Ron,2017-11-07,M
Politics,Sheryl,2017-11-07,F
Middle East,Nicholas,2017-11-07,M
Politics,Peter,2017-11-07,M
Middle East,Declan,2017-11-07,M
Politics,Linda,2017-11-07,F
Politics,Alan,2017-11-07,M
Baseball,Billy,2017-11-07,M
Media,Ben,2017-11-07,M
Politics,Adam,2017-11-10,M
Insider Events,Insider,2017-11-10,U
Politics,Jonathan,2017-11-10,M
Food,Ligaya,2017-11-10,F
Asia Pacific,Najim,2017-11-10,U
Politics,Nicholas,2017-11-10,M
Media,Michael,2017-11-10,M
Book Review,Gregory,2017-11-10,M
Politics,Linda,2017-11-10,F
Canada,Ian,2017-11-10,M
Sunday Review,Frank,2017-11-10,M
Art & Design,Colin,2017-11-10,M
Art & Design,Kimberly,2017-11-10,F
Personal Tech,J.,2017-11-10,U
DealBook,Tom,2017-11-10,M
Sunday Review,Nicholas,2017-11-10,M
Politics,Jim,2017-11-10,M
Music,Jon,2017-11-10,M
Sunday Review,Laurie,2017-11-10,F
Politics,Jonah,2017-11-10,M
Americas,Shasta,2017-11-10,F
Art & Design,Thomas,2017-11-10,M
Asia Pacific,Megan,2017-11-10,F
Dance,Alastair,2017-11-10,M
Dance,Roslyn,2017-11-10,F
Television,Robert,2017-11-10,M
Music,Anthony,2017-11-10,M
Olympics,Rebecca,2017-11-10,F
Olympics,Jeré,2017-11-10,U
Art & Design,Martha,2017-11-10,F
Weddings,C.,2017-11-10,U
Music,Elisabeth,2017-11-10,F
Television,Kathryn,2017-11-10,F
Olympics,Victor,2017-11-10,M
Music,Joshua,2017-11-10,M
Middle East,Anne,2017-11-10,F
Asia Pacific,Javier,2017-11-10,M
DealBook,Paul,2017-11-10,M
The Daily,Michael,2017-11-10,M
Eat,Roni,2017-11-10,F
Family,Daniela,2017-11-10,F
Live,Toby,2017-11-10,M
Book Review,Josephine,2017-11-10,F
Television,Giovanni,2017-11-10,M
Book Review,Maria,2017-11-10,F
Television,James,2017-11-10,M
Tennis,Cindy,2017-11-10,F
Book Review,Peter,2017-11-10,M
Book Review,Meghan,2017-11-10,F
Book Review,Laura,2017-11-10,F
Book Review,Ilana,2017-11-10,F
Book Review,Namara,2017-11-10,U
Book Review,Corby,2017-11-10,M
Pro Basketball,Benjamin,2017-11-10,M
Book Review,Joumana,2017-11-10,U
Book Review,Ibi,2017-11-10,U
Book Review,Stephanie,2017-11-10,F
Sunday Review,Christopher,2017-11-10,M
Asia Pacific,Julie,2017-11-10,F
Politics,Jeremy,2017-11-10,M
Politics,Jeremy,2017-11-10,M
Asia Pacific,Mehreen,2017-11-10,F
Television,Sara,2017-11-10,F
Art & Design,Jason,2017-11-10,M
Art & Design,Andrew,2017-11-10,M
Europe,David,2017-11-10,M
Music,Jon,2017-11-10,M
Europe,Andrew,2017-11-10,M
Europe,Raphael,2017-11-10,M
Asia Pacific,Hannah,2017-11-10,F
Economy,Ben,2017-11-10,M
Art & Design,Melissa,2017-11-10,F
Baseball,Billy,2017-11-10,M
Media,Brooks,2017-11-10,M
Politics,Katie,2017-11-10,F
Middle East,Anne,2017-11-10,F
Music,Michael,2017-11-09,M
Americas,Kirk,2017-11-09,M
Politics,Nicholas,2017-11-09,M
Art & Design,Nancy,2017-11-09,F
Pro Football,Benjamin,2017-11-09,M
Lesson Plans,Michael,2017-11-09,M
Dance,Brian,2017-11-09,M
Politics,Alan,2017-11-09,M
Music,David,2017-11-09,M
Energy & Environment ,Stanley,2017-11-09,M
Design & Interiors,Tom,2017-11-09,M
Africa,Rick,2017-11-09,M
Politics,Richard,2017-11-09,M
Politics,Ron,2017-11-09,M
Africa,Jeffrey,2017-11-09,M
Middle East,Ben,2017-11-09,M
Sunday Review,Vanessa,2017-11-09,F
DealBook,Tiffany,2017-11-09,F
Television,Melena,2017-11-09,F
DealBook,Robert,2017-11-09,M
Australia,Nick,2017-11-09,M
Media,Niraj,2017-11-09,M
Pro Football,Justin,2017-11-09,M
Art & Design,Holland,2017-11-09,GN
Politics,Peter,2017-11-09,M
Politics,Robert,2017-11-09,M
DealBook,Mike,2017-11-09,M
Middle East,Ben,2017-11-09,M
Europe,Gaia,2017-11-09,F
"Wine, Beer & Cocktails",Eric,2017-11-09,M
Television,Jason,2017-11-09,M
Politics,Jim,2017-11-09,M
DealBook,Jacey,2017-11-09,F
Television,Mike,2017-11-09,M
Soccer,Rory,2017-11-09,M
Asia Pacific,Thomas,2017-11-09,M
Europe,Adam,2017-11-09,M
Hockey,Gerald,2017-11-09,M
Personal Tech,J.,2017-11-09,U
Music,Annalisa,2017-11-09,F
Asia Pacific,Javier,2017-11-09,M
DealBook,Dealbook,2017-11-09,U
Live,Danielle,2017-11-09,F
The Daily,Michael,2017-11-09,M
Music,Questlove,2017-11-09,U
Politics,Adam,2017-11-09,M
Politics,Carl,2017-11-09,M
Pro Basketball,Sarah,2017-11-09,F
Book Review,Jenny,2017-11-09,F
Book Review,Dan,2017-11-09,M
Book Review,Sheri,2017-11-09,F
Book Review,Thomas,2017-11-09,M
Television,Giovanni,2017-11-09,M
Sunday Review,Linda,2017-11-09,F
Music,Alex,2017-11-09,M
Asia Pacific,Mark,2017-11-09,M
Asia Pacific,Javier,2017-11-09,M
Australia,Isabella,2017-11-09,F
Television,Andrew,2017-11-09,M
Music,Simon,2017-11-09,M
Asia Pacific,Sui-lee,2017-11-09,U
Television,Jeremy,2017-11-09,M
Middle East,Rick,2017-11-09,M
Media,Brooks,2017-11-09,M
Europe,Megan,2017-11-09,F
Politics,Jim,2017-11-09,M
Dance,Siobhan,2017-11-09,F
Australia,Damien,2017-11-09,M
Pro Basketball,Scott,2017-11-09,M
Middle East,Thomas,2017-11-12,M
Politics,Jim,2017-11-12,M
Politics,Alexander,2017-11-12,M
Politics,Nicholas,2017-11-12,M
Contributors,Heng,2017-11-12,M
Middle East,Anne,2017-11-12,F
Media,Zach,2017-11-12,M
Middle East,Margaret,2017-11-12,F
Asia Pacific,Ainara,2017-11-12,F
Politics,Scott,2017-11-12,M
Europe,Raphael,2017-11-12,M
Asia Pacific,Salman,2017-11-12,M
Television,James,2017-11-12,M
Europe,Barbara,2017-11-12,F
Europe,Susanne,2017-11-12,F
Asia Pacific,Amy,2017-11-12,F
Canada,Ian,2017-11-12,M
Europe,Guglielmo,2017-11-12,U
Television,Dave,2017-11-12,M
Asia Pacific,Mark,2017-11-12,M
Asia Pacific,Richard,2017-11-12,M
Television,Andrew,2017-11-12,M
Hockey,Tal,2017-11-11,M
Politics,Sheryl,2017-11-11,F
Europe,Megan,2017-11-11,F
Sunday Review,Jiji,2017-11-11,U
Politics,Robert,2017-11-11,M
Television,Christina,2017-11-11,F
Africa,Hussein,2017-11-11,M
Sunday Review,Greg,2017-11-11,M
Sunday Review,Douglas,2017-11-11,M
Sunday Review,Ekow,2017-11-11,M
Sunday Review,Ross,2017-11-11,M
Sunday Review,Crispin,2017-11-11,M
Sunday Review,Lindsay,2017-11-11,F
Sunday Review,Richard,2017-11-11,M
Sunday Review,Liza,2017-11-11,F
Sunday Review,Howell,2017-11-11,M
Politics,Charlie,2017-11-11,M
Art & Design,Scott,2017-11-11,M
Tennis,Christopher,2017-11-11,M
Media,Sydney,2017-11-11,F
Middle East,Peter,2017-11-11,M
Asia Pacific,Mujib,2017-11-11,U
Europe,Neil,2017-11-11,M
Asia Pacific,Julie,2017-11-11,F
Asia Pacific,Mark,2017-11-11,M
Economy,Noam,2017-11-11,M
Middle East,Rod,2017-11-11,M
Asia Pacific,Hannah,2017-11-11,F
DealBook,Michael,2017-11-11,M
Politics,Kenneth,2017-11-11,M
Pro Football,Ken,2017-11-11,M
Europe,Alissa,2017-11-11,F
Economy,Conor,2017-11-11,M
Politics,Gardiner,2017-11-11,M
Tennis,Ben,2017-11-11,M
Middle East,Ben,2017-11-14,M
Middle East,Ben,2017-11-14,M
Africa,Jeffrey,2017-11-14,M
Australia,Adam,2017-11-14,M
Middle East,Thomas,2017-11-14,M
Insider Events,Insider,2017-11-14,U
DealBook,Stacy,2017-11-14,F
Politics,Matt,2017-11-14,M
Europe,Adam,2017-11-14,M
DealBook,Gina,2017-11-14,F
Music,Michael,2017-11-14,M
Music,Jon,2017-11-14,M
Television,Mike,2017-11-14,M
Politics,Alexander,2017-11-14,M
Politics,Liam,2017-11-14,M
Politics,Thomas,2017-11-14,M
Pro Basketball,Harvey,2017-11-14,M
Politics,Eileen,2017-11-14,F
Economy,Michael,2017-11-14,M
Art & Design,Jori,2017-11-14,F
Live,Danielle,2017-11-14,F
Art & Design,Andrew,2017-11-14,M
Dance,Gia,2017-11-14,F
Book Review,Nicole,2017-11-14,F
Hockey,Allan,2017-11-14,M
Europe,Jason,2017-11-14,M
Pro Basketball,Victor,2017-11-14,M
Dance,Siobhan,2017-11-14,F
Commercial Real Estate,Rosalie,2017-11-14,F
Canada,Dan,2017-11-14,M
Europe,Alan,2017-11-14,M
Personal Tech,J.,2017-11-14,U
Europe,Andrew,2017-11-14,M
Asia Pacific,Julie,2017-11-14,F
College Basketball,Marc,2017-11-14,M
DealBook,Nathaniel,2017-11-14,M
DealBook,Michael,2017-11-14,M
Politics,Peter,2017-11-14,M
Art & Design,Michael,2017-11-14,M
Politics,Mark,2017-11-14,M
Asia Pacific,Mark,2017-11-14,M
The Daily,Michael,2017-11-14,M
Asia Pacific,Taimoor,2017-11-14,M
Television,Giovanni,2017-11-14,M
Book Review,Jonathan,2017-11-14,M
Economy,Eduardo,2017-11-14,M
Book Review,James,2017-11-14,M
Politics,Nicholas,2017-11-14,M
Politics,Carl,2017-11-14,M
Asia Pacific,Austin,2017-11-14,M
DealBook,Andrew,2017-11-14,M
DealBook,Alina,2017-11-14,F
DealBook,Saadia,2017-11-14,F
DealBook,Michael,2017-11-14,M
DealBook,William,2017-11-14,M
Television,Sara,2017-11-14,F
Middle East,Anne,2017-11-14,F
Pro Basketball,Mike,2017-11-14,M
Americas,Kirk,2017-11-14,M
Politics,Michael,2017-11-14,M
Politics,Michael,2017-11-14,M
Art & Design,Scott,2017-11-14,M
Hockey,Andrew,2017-11-14,M
Media,Sydney,2017-11-14,F
Politics,Yamiche,2017-11-14,U
Energy & Environment ,Stanley,2017-11-14,M
Baseball,Tyler,2017-11-13,M
Soccer,Rebecca,2017-11-13,F
Africa,Jeffrey,2017-11-13,M
Asia Pacific,Christina,2017-11-13,F
Politics,Chris,2017-11-13,M
DealBook,Rob,2017-11-13,M
Baseball,James,2017-11-13,M
Television,Cara,2017-11-13,F
Politics,Anna,2017-11-13,F
Television,John,2017-11-13,M
Music,Ben,2017-11-13,M
DealBook,Andrew,2017-11-13,M
Europe,Ellen,2017-11-13,F
Music,Seth,2017-11-13,M
Dance,Laura,2017-11-13,F
Art & Design,Andrew,2017-11-13,M
Middle East,Sarah,2017-11-13,F
Economy,Patricia,2017-11-13,F
Art & Design,Annalisa,2017-11-13,F
Pro Football,Ken,2017-11-13,M
Europe,Ceylan,2017-11-13,F
Europe,Alan,2017-11-13,M
Pro Football,Victor,2017-11-13,M
Politics,John,2017-11-13,M
Europe,Alissa,2017-11-13,F
Art & Design,Philip,2017-11-13,M
Television,Dave,2017-11-13,M
Politics,Jonathan,2017-11-13,M
Media,Sydney,2017-11-13,F
Politics,Alan,2017-11-13,M
Politics,Matt,2017-11-13,M
Europe,Steven,2017-11-13,M
Pro Football,Ken,2017-11-13,M
Politics,Adam,2017-11-13,M
Europe,Stephen,2017-11-13,M
Asia Pacific,Jane,2017-11-13,F
Politics,Michael,2017-11-13,M
Personal Tech,J.,2017-11-13,U
Media,Jonah,2017-11-13,M
Asia Pacific,Rod,2017-11-13,M
Politics,Maggie,2017-11-13,F
DealBook,Michael,2017-11-13,M
Europe,Alan,2017-11-13,M
Eat,Jane,2017-11-13,F
Family,Perri,2017-11-13,F
The Daily,Michael,2017-11-13,M
Asia Pacific,Choe,2017-11-13,U
Asia Pacific,Max,2017-11-13,M
DealBook,Cade,2017-11-13,M
Book Review,James,2017-11-13,M
DealBook,Christine,2017-11-13,F
DealBook,Christine,2017-11-13,F
DealBook,David,2017-11-13,M
Television,Dave,2017-11-13,M
DealBook,Stacy,2017-11-13,F
Asia Pacific,Julie,2017-11-13,F
Hockey,Curtis,2017-11-13,M
Middle East,Thomas,2017-11-13,M
Television,Sara,2017-11-13,F
Pro Football,Ben,2017-11-13,M
Television,Charles,2017-11-13,M
Television,Sopan,2017-11-13,U
Television,Genevieve,2017-11-13,F
Media,Michael,2017-11-13,M
Pro Basketball,Marc,2017-11-13,M
Europe,Marlise,2017-11-13,F
Pro Football,Ken,2017-11-16,M
Soccer,Rebecca,2017-11-16,F
Africa,Kimiko,2017-11-16,F
Energy & Environment ,Clifford,2017-11-16,M
Politics,David,2017-11-16,M
Politics,Jim,2017-11-16,M
Politics,Michael,2017-11-16,M
College Basketball,Adam,2017-11-16,M
Africa,Niraj,2017-11-16,M
Art & Design,Louis,2017-11-16,M
Music,David,2017-11-16,M
Dance,Gia,2017-11-16,F
Europe,Ceylan,2017-11-16,F
Pro Football,Joe,2017-11-16,M
Art & Design,Ted,2017-11-16,M
Politics,Alan,2017-11-16,M
Economy,Patricia,2017-11-16,F
Music,Anthony,2017-11-16,M
Music,Michael,2017-11-16,M
Television,Dave,2017-11-16,M
Sunday Review,Sarah,2017-11-16,F
Politics,K.,2017-11-16,U
Middle East,Rick,2017-11-16,M
Africa,Jina,2017-11-16,F
Politics,Robert,2017-11-16,M
Pro Football,Justin,2017-11-16,M
Family,Rachel,2017-11-16,F
Media,Cecilia,2017-11-16,F
"Wine, Beer & Cocktails",Joshua,2017-11-16,M
Lesson Plans,Katherine,2017-11-16,F
Art & Design,Roberta,2017-11-16,F
Music,Michael,2017-11-16,M
"Wine, Beer & Cocktails",Eric,2017-11-16,M
Asia Pacific,Motoko,2017-11-16,U
Europe,Dan,2017-11-16,M
Art & Design,Robin,2017-11-16,F
Television,Mike,2017-11-16,M
Politics,Sheryl,2017-11-16,F
Design & Interiors,Nancy,2017-11-16,F
Politics,Nicholas,2017-11-16,M
Canada,Dan,2017-11-16,M
Eat,Nicholas,2017-11-16,M
Move,Nicholas,2017-11-16,M
Personal Tech,J.,2017-11-16,U
Pro Basketball,Victor,2017-11-16,M
Europe,Rod,2017-11-16,M
Asia Pacific,Julia,2017-11-16,F
Energy & Environment ,Keith,2017-11-16,M
Asia Pacific,Rod,2017-11-16,M
Africa,Jeffrey,2017-11-16,M
The Daily,Michael,2017-11-16,M
Television,Giovanni,2017-11-16,M
Music,Michael,2017-11-16,M
Politics,Matt,2017-11-16,M
Politics,Thomas,2017-11-16,M
Pro Basketball,Scott,2017-11-16,M
Politics,Jim,2017-11-16,M
Book Review,Marilyn,2017-11-16,F
Asia Pacific,Sarah,2017-11-16,F
Television,Andrew,2017-11-16,M
Asia Pacific,Motoko,2017-11-16,U
Asia Pacific,Rick,2017-11-16,M
Olympics,Rebecca,2017-11-16,F
Television,Jeremy,2017-11-16,M
Book Review,Alexandra,2017-11-16,F
Australia,Damien,2017-11-16,M
Baseball,Billy,2017-11-16,M
Dance,Gia,2017-11-16,F
DealBook,Sydney,2017-11-16,F
Economy,Patricia,2017-11-16,F
Baseball,James,2017-11-16,M
Politics,Peter,2017-11-16,M
Europe,Rick,2017-11-16,M
Art & Design,Jason,2017-11-16,M
Africa,Barbara,2017-11-16,F
Art & Design,Robin,2017-11-16,F
Asia Pacific,Damien,2017-11-16,M
Middle East,Alissa,2017-11-16,F
Politics,Linda,2017-11-16,F
Baseball,Tyler,2017-11-16,M
Canada,Ian,2017-11-15,M
Politics,Eric,2017-11-15,M
Pro Football,Ken,2017-11-15,M
Africa,Norimitsu,2017-11-15,U
Energy & Environment ,Clifford,2017-11-15,M
DealBook,Peter,2017-11-15,M
Soccer,Tariq,2017-11-15,M
Middle East,Declan,2017-11-15,M
Art & Design,Jennifer,2017-11-15,F
"Wine, Beer & Cocktails",Robert,2017-11-15,M
Politics,Michael,2017-11-15,M
Politics,,2017-11-15,U
Design & Interiors,Lindsey,2017-11-15,F
Politics,Damon,2017-11-15,M
Art & Design,Jason,2017-11-15,M
DealBook,Liz,2017-11-15,F
Politics,Michael,2017-11-15,M
Politics,Erica,2017-11-15,F
Europe,Kimiko,2017-11-15,F
Africa,Kimiko,2017-11-15,F
Middle East,Thomas,2017-11-15,M
Europe,David,2017-11-15,M
Pro Basketball,Seth,2017-11-15,M
Art & Design,Joshua,2017-11-15,M
Art & Design,Brett,2017-11-15,M
Mind,Nicholas,2017-11-15,M
Mind,Tara,2017-11-15,F
Live,Anahad,2017-11-15,U
Media,Daniel,2017-11-15,M
Music,Joshua,2017-11-15,M
Europe,Niki,2017-11-15,F
Personal Tech,Brian,2017-11-15,M
Fashion & Beauty,Kelly,2017-11-15,F
Politics,Eileen,2017-11-15,F
Africa,Jonah,2017-11-15,M
Personal Tech,Katie,2017-11-15,F
Politics,Alan,2017-11-15,M
DealBook,Stacy,2017-11-15,F
Music,Roslyn,2017-11-15,F
Politics,Jim,2017-11-15,M
Europe,Andrew,2017-11-15,M
Music,Jon,2017-11-15,M
Television,Austin,2017-11-15,M
Europe,Photographs,2017-11-15,U
Personal Tech,J.,2017-11-15,U
Music,Sean,2017-11-15,M
DealBook,Peter,2017-11-15,M
DealBook,Tanya,2017-11-15,F
Asia Pacific,Megan,2017-11-15,F
Europe,Alan,2017-11-15,M
Africa,Camilla,2017-11-15,F
Africa,Jeffrey,2017-11-15,M
Politics,Eileen,2017-11-15,F
Art & Design,Annalisa,2017-11-15,F
DealBook,Michael,2017-11-15,M
Weddings,Alix,2017-11-15,F
Move,Gretchen,2017-11-15,F
Family,Lisa,2017-11-15,F
The Daily,Michael,2017-11-15,M
Asia Pacific,Hannah,2017-11-15,F
Television,Giovanni,2017-11-15,M
Politics,Alan,2017-11-15,M
Politics,Nicholas,2017-11-15,M
Politics,Alicia,2017-11-15,F
Africa,Austin,2017-11-15,M
Asia Pacific,Jane,2017-11-15,F
Soccer,Rory,2017-11-15,M
Television,Andrew,2017-11-15,M
Australia,Xiuzhong,2017-11-15,U
Art & Design,Jennifer,2017-11-15,F
Soccer,Andrew,2017-11-15,M
Pro Basketball,Benjamin,2017-11-15,M
Art & Design,Robin,2017-11-15,F
Middle East,Camilla,2017-11-15,F
Art & Design,Robin,2017-11-15,F
Politics,Helene,2017-11-15,F
Art & Design,Roberta,2017-11-15,F
Europe,David,2017-11-15,M
Soccer,Andrew,2017-11-15,M
Media,Sapna,2017-11-15,F
Politics,Chris,2017-11-15,M
Media,Jaclyn,2017-11-15,F
Baseball,Billy,2017-11-15,M
Economy,Ben,2017-11-15,M
Baseball,Billy,2017-11-18,M
Americas,Paulina,2017-11-18,F
Americas,Daniel,2017-11-18,M
Sunday Review,David,2017-11-18,M
Sunday Review,Elizabeth,2017-11-18,F
Sunday Review,Britt,2017-11-18,M
Sunday Review,Julie,2017-11-18,F
Sunday Review,Maureen,2017-11-18,F
Sunday Review,Anthony,2017-11-18,M
Sunday Review,Maggie,2017-11-18,F
Sunday Review,David,2017-11-18,M
Sunday Review,Ross,2017-11-18,M
Sunday Review,Jennine,2017-11-18,F
Sunday Review,Nicholas,2017-11-18,M
Middle East,Nada,2017-11-18,F
Politics,Jim,2017-11-18,M
Asia Pacific,Choe,2017-11-18,U
Pro Football,Ken,2017-11-18,M
Australia,Damien,2017-11-18,M
Art & Design,Eve,2017-11-18,F
Weddings,Rosalie,2017-11-18,F
Weddings,Vincent,2017-11-18,M
Politics,Jonathan,2017-11-18,M
Africa,Jeffrey,2017-11-18,M
Asia Pacific,Najim,2017-11-18,U
Americas,Ernesto,2017-11-18,M
Asia Pacific,Jeffrey,2017-11-18,M
Europe,Ceylan,2017-11-18,F
Middle East,Alissa,2017-11-18,F
Television,Gabe,2017-11-18,M
Africa,Nilo,2017-11-18,M
Politics,Peter,2017-11-18,M
Politics,Emily,2017-11-18,F
Politics,Emily,2017-11-18,F
Baseball,Billy,2017-11-18,M
Politics,Michael,2017-11-18,M
Politics,Katie,2017-11-18,F
Media,Sydney,2017-11-18,F
Politics,Matt,2017-11-18,M
Politics,Jess,2017-11-18,M
Europe,Raphael,2017-11-18,M
Auto Racing,Dave,2017-11-17,M
Soccer,Rebecca,2017-11-17,F
Politics,Alicia,2017-11-17,F
Middle East,Margaret,2017-11-17,F
Personal Tech,Brian,2017-11-17,M
Book Review,Terry,2017-11-17,M
Politics,Alan,2017-11-17,M
Olympics,Victor,2017-11-17,M
Art & Design,Ernesto,2017-11-17,M
Canada,Ian,2017-11-17,M
Sunday Review,Boris,2017-11-17,M
Art & Design,Colin,2017-11-17,M
Art & Design,Jason,2017-11-17,M
Americas,Kirk,2017-11-17,M
Europe,Megan,2017-11-17,F
Music,Jon,2017-11-17,M
Politics,Binyamin,2017-11-17,M
Dance,Alastair,2017-11-17,M
Music,Jon,2017-11-17,M
Asia Pacific,Choe,2017-11-17,U
Americas,Daniel,2017-11-17,M
Middle East,Rick,2017-11-17,M
Media,Niraj,2017-11-17,M
Politics,Thomas,2017-11-17,M
College Football,Marc,2017-11-17,M
Music,Jon,2017-11-17,M
Music,Michael,2017-11-17,M
Hockey,Stephen,2017-11-17,M
Europe,Ellen,2017-11-17,F
Politics,Alan,2017-11-17,M
Music,Zachary,2017-11-17,M
Sunday Review,Molly,2017-11-17,F
Africa,Jina,2017-11-17,F
Europe,Dan,2017-11-17,M
Dance,Siobhan,2017-11-17,F
Television,Salamishah,2017-11-17,U
Television,Kathryn,2017-11-17,F
Personal Tech,J.,2017-11-17,U
Soccer,Rory,2017-11-17,M
Europe,Melissa,2017-11-17,F
Africa,Jeffrey,2017-11-17,M
The Daily,Michael,2017-11-17,M
Live,Toby,2017-11-17,M
Weddings,Lois,2017-11-17,F
Live,Roni,2017-11-17,F
Family,Amy,2017-11-17,F
Sunday Review,Pagan,2017-11-17,F
Sunday Review,Frank,2017-11-17,M
Television,Giovanni,2017-11-17,M
Book Review,Sam,2017-11-17,M
Book Review,Baratunde,2017-11-17,U
Europe,Jason,2017-11-17,M
Book Review,Gin,2017-11-17,GN
Book Review,Misha,2017-11-17,F
Book Review,Hannah,2017-11-17,F
Book Review,Justin,2017-11-17,M
Pro Football,Randal,2017-11-17,M
Book Review,Mary,2017-11-17,F
Politics,Carl,2017-11-17,M
Book Review,Joumana,2017-11-17,U
Book Review,Ethan,2017-11-17,M
Book Review,Gary,2017-11-17,M
Book Review,Gregory,2017-11-17,M
Book Review,Adam,2017-11-17,M
Book Review,Jenna,2017-11-17,F
Book Review,Amy,2017-11-17,F
Book Review,Max,2017-11-17,M
Book Review,Elizabeth,2017-11-17,F
Book Review,Charles,2017-11-17,M
Book Review,Evan,2017-11-17,M
Book Review,Hermione,2017-11-17,F
Book Review,Jamil,2017-11-17,M
Book Review,Arlie,2017-11-17,M
Music,Kaitlyn,2017-11-17,F
Television,Andrew,2017-11-17,M
Politics,Michael,2017-11-17,M
DealBook,Sui-lee,2017-11-17,U
Pro Basketball,Benjamin,2017-11-17,M
Asia Pacific,Choe,2017-11-17,U
DealBook,Michael,2017-11-17,M
Politics,Emily,2017-11-17,F
Columnists,Patrick,2017-11-17,M
Politics,Jeremy,2017-11-17,M
DealBook,Mary,2017-11-17,F
Art & Design,Robin,2017-11-17,F
Media,Brooks,2017-11-17,M
Politics,Jennifer,2017-11-17,F
Baseball,Tyler,2017-11-17,M
Politics,Anna,2017-11-17,F
Politics,Thomas,2017-11-20,M
Asia Pacific,Helene,2017-11-20,F
DealBook,Cecilia,2017-11-20,F
Media,Emily,2017-11-20,F
"Wine, Beer & Cocktails",Florence,2017-11-20,F
Music,Anthony,2017-11-20,M
Insider Events,Insider,2017-11-20,U
Europe,Palko,2017-11-20,U
Politics,Binyamin,2017-11-20,M
Asia Pacific,Choe,2017-11-20,U
Australia,Jacqueline,2017-11-20,F
Golf,Karen,2017-11-20,F
Middle East,Rick,2017-11-20,M
DealBook,Amie,2017-11-20,F
Europe,Alan,2017-11-20,M
Europe,Melissa,2017-11-20,F
Politics,Michael,2017-11-20,M
Baseball,Billy,2017-11-20,M
Television,James,2017-11-20,M
Europe,Patrick,2017-11-20,M
Television,Mike,2017-11-20,M
Africa,Alan,2017-11-20,M
Pro Football,Victor,2017-11-20,M
Media,Sydney,2017-11-20,F
Asia Pacific,Choe,2017-11-20,U
Europe,Adam,2017-11-20,M
Politics,Sheryl,2017-11-20,F
Americas,Daniel,2017-11-20,M
Asia Pacific,Javier,2017-11-20,M
Personal Tech,J.,2017-11-20,U
Africa,Norimitsu,2017-11-20,U
Asia Pacific,Joe,2017-11-20,M
Eat,Jane,2017-11-20,F
Travel,Bianca,2017-11-20,F
The Daily,Michael,2017-11-20,M
Book Review,Patricia,2017-11-20,F
Book Review,Jeffrey,2017-11-20,M
Politics,Adam,2017-11-20,M
Africa,Jina,2017-11-20,F
Americas,Azam,2017-11-20,M
Television,Gabe,2017-11-20,M
Australia,Jacqueline,2017-11-20,F
Family,Perri,2017-11-20,F
Australia,Tacey,2017-11-20,F
Television,Leigh-ann,2017-11-20,U
Television,Charles,2017-11-20,M
Africa,Norimitsu,2017-11-20,U
Television,Genevieve,2017-11-20,F
Europe,Melissa,2017-11-20,F
Politics,Jacey,2017-11-20,F
Television,Maggie,2017-11-20,F
Auto Racing,Jerry,2017-11-20,M
Africa,Nour,2017-11-20,F
Politics,Jonathan,2017-11-19,M
Americas,Pascale,2017-11-19,F
Americas,Daniel,2017-11-19,M
Africa,Aida,2017-11-19,F
Music,James,2017-11-19,M
Media,Sapna,2017-11-19,F
Contributors,Heng,2017-11-19,M
Media,John,2017-11-19,M
Asia Pacific,Rick,2017-11-19,M
Europe,Alissa,2017-11-19,F
Politics,Eric,2017-11-19,M
Music,Jon,2017-11-19,M
Asia Pacific,Chris,2017-11-19,M
Music,Jon,2017-11-19,M
Europe,Raphael,2017-11-19,M
Music,Zachary,2017-11-19,M
Africa,Jeffrey,2017-11-19,M
Asia Pacific,Motoko,2017-11-19,U
Asia Pacific,Chris,2017-11-19,M
The Daily,Michael,2017-11-19,M
Art & Design,Michael,2017-11-19,M
Americas,Kc,2017-11-19,M
Television,Dave,2017-11-19,M
Pro Football,Kevin,2017-11-19,M
Television,Andrew,2017-11-19,M
Middle East,David,2017-11-22,M
DealBook,John,2017-11-22,M
Politics,Carl,2017-11-22,M
Australia,Damien,2017-11-22,M
Politics,Mark,2017-11-22,M
Olympics,Rebecca,2017-11-22,F
Politics,Nicholas,2017-11-22,M
Soccer,Tariq,2017-11-22,M
Politics,Alan,2017-11-22,M
Music,Zachary,2017-11-22,M
Economy,Binyamin,2017-11-22,M
Middle East,Megan,2017-11-22,F
Book Review,Gregory,2017-11-22,M
Music,Jon,2017-11-22,M
Sunday Review,Sisonke,2017-11-22,U
Pro Basketball,Marc,2017-11-22,M
Europe,Matthew,2017-11-22,M
Family,Nicholas,2017-11-22,M
Asia Pacific,Choe,2017-11-22,U
Music,Andrew,2017-11-22,M
Art & Design,Jason,2017-11-22,M
Live,Nicholas,2017-11-22,M
Politics,Jeremy,2017-11-22,M
Book Review,Phillip,2017-11-22,M
Book Review,Eric,2017-11-22,M
Book Review,Jan,2017-11-22,F
Book Review,Jennifer,2017-11-22,F
Book Review,Arlo,2017-11-22,M
Book Review,Joumana,2017-11-22,U
Book Review,Inara,2017-11-22,F
Book Review,Thomas,2017-11-22,M
Television,James,2017-11-22,M
Live,Nicholas,2017-11-22,M
Europe,Palko,2017-11-22,U
Europe,Stephen,2017-11-22,M
Personal Tech,Kenneth,2017-11-22,M
Africa,Norimitsu,2017-11-22,U
Personal Tech,J.,2017-11-22,U
Book Review,Alida,2017-11-22,F
Book Review,Ruth,2017-11-22,F
Book Review,Bianca,2017-11-22,F
Personal Tech,Brian,2017-11-22,M
Fashion & Beauty,,2017-11-22,U
Dance,Joshua,2017-11-22,M
Middle East,Ben,2017-11-22,M
Politics,Michael,2017-11-22,M
The Daily,Michael,2017-11-22,M
Europe,Marlise,2017-11-22,F
Move,Gretchen,2017-11-22,F
Sunday Review,Sylvia,2017-11-22,F
Television,Giovanni,2017-11-22,M
Pro Football,Ben,2017-11-22,M
Television,Jason,2017-11-22,M
Art & Design,Aaron,2017-11-22,M
Book Review,Elissa,2017-11-22,F
Book Review,Alexandria,2017-11-22,F
Asia Pacific,Motoko,2017-11-22,U
Television,Andrew,2017-11-22,M
Europe,Katrin,2017-11-22,F
Politics,Binyamin,2017-11-22,M
Asia Pacific,Choe,2017-11-22,U
Politics,Helene,2017-11-22,F
Asia Pacific,Mike,2017-11-22,M
Politics,Ana,2017-11-22,F
Africa,Barbara,2017-11-22,F
Politics,Sheryl,2017-11-22,F
Media,Michael,2017-11-22,M
DealBook,Michael,2017-11-22,M
Art & Design,Martha,2017-11-22,F
Pro Basketball,Benjamin,2017-11-22,M
Tennis,David,2017-11-22,M
Middle East,Rick,2017-11-21,M
DealBook,Jennifer,2017-11-21,F
Baseball,Tyler,2017-11-21,M
Book Review,Jason,2017-11-21,M
Soccer,Tariq,2017-11-21,M
Media,Brooks,2017-11-21,M
Music,Joe,2017-11-21,M
DealBook,Antony,2017-11-21,M
Art & Design,Andrew,2017-11-21,M
Politics,Charlie,2017-11-21,M
Asia Pacific,Chris,2017-11-21,M
Music,Alan,2017-11-21,M
Middle East,Anne,2017-11-21,F
Politics,Matt,2017-11-21,M
Economy,Conor,2017-11-21,M
Media,Brooks,2017-11-21,M
Politics,Michael,2017-11-21,M
Baseball,Victor,2017-11-21,M
Europe,Kit,2017-11-21,M
Canada,Ian,2017-11-21,M
Politics,Yamiche,2017-11-21,U
Europe,Steven,2017-11-21,M
Commercial Real Estate,Rosalie,2017-11-21,F
Lesson Plans,Natalie,2017-11-21,F
Eat,Anahad,2017-11-21,U
Dance,Alastair,2017-11-21,M
Europe,Matthew,2017-11-21,M
Music,Anna,2017-11-21,F
Politics,Helene,2017-11-21,F
Politics,Emily,2017-11-21,F
Politics,Nicholas,2017-11-21,M
Media,John,2017-11-21,M
Art & Design,Hilarie,2017-11-21,F
Europe,Dan,2017-11-21,M
Pro Basketball,Scott,2017-11-21,M
Television,Mike,2017-11-21,M
Politics,Ana,2017-11-21,F
Weddings,Marianne,2017-11-21,F
Art & Design,Roslyn,2017-11-21,F
Personal Tech,J.,2017-11-21,U
Economy,Eduardo,2017-11-21,M
Middle East,Anne,2017-11-21,F
Africa,Emmanuel,2017-11-21,M
Music,Joe,2017-11-21,M
Pro Basketball,Victor,2017-11-21,M
Africa,Norimitsu,2017-11-21,U
Europe,Alissa,2017-11-21,F
Live,Susan,2017-11-21,F
Asia Pacific,Choe,2017-11-21,U
The Daily,Michael,2017-11-21,M
Move,Gretchen,2017-11-21,F
Television,Alexis,2017-11-21,F
Middle East,Somini,2017-11-21,U
Book Review,,2017-11-21,U
Book Review,Ruth,2017-11-21,F
Book Review,Nicole,2017-11-21,F
Television,Giovanni,2017-11-21,M
Politics,Anna,2017-11-21,F
Soccer,Rory,2017-11-21,M
Television,Gabe,2017-11-21,M
Asia Pacific,Chris,2017-11-21,M
Mind,Emilie,2017-11-21,F
Europe,Sam,2017-11-21,M
Politics,Kenneth,2017-11-21,M
DealBook,Andrew,2017-11-21,M
Asia Pacific,Rick,2017-11-21,M
Politics,Peter,2017-11-21,M
Tennis,Christopher,2017-11-21,M
Middle East,Ben,2017-11-21,M
Africa,Barbara,2017-11-21,F
Sunday Review,Brendan,2017-11-24,M
Canada,Ian,2017-11-24,M
Economy,Nelson,2017-11-24,M
Middle East,Megan,2017-11-24,F
Canada,Ian,2017-11-24,M
Hockey,Eric,2017-11-24,M
Politics,Ana,2017-11-24,F
Sunday Review,Teddy,2017-11-24,M
Pro Football,Ken,2017-11-24,M
Europe,Jason,2017-11-24,M
Art & Design,Nicole,2017-11-24,F
Europe,Stephen,2017-11-24,M
Europe,Stephen,2017-11-24,M
"Wine, Beer & Cocktails",Eric,2017-11-24,M
"Wine, Beer & Cocktails",Eric,2017-11-24,M
Middle East,Barbara,2017-11-24,F
Sunday Review,Maris,2017-11-24,F
Europe,Sophia,2017-11-24,F
Weddings,Vincent,2017-11-24,M
Sunday Review,Ken,2017-11-24,M
Europe,Ed,2017-11-24,M
Music,David,2017-11-24,M
Dance,Brian,2017-11-24,M
Personal Tech,J.,2017-11-24,U
Europe,Melissa,2017-11-24,F
Art & Design,Scott,2017-11-24,M
Politics,Michael,2017-11-24,M
Middle East,Declan,2017-11-24,M
Asia Pacific,Chris,2017-11-24,M
Live,Roni,2017-11-24,F
Live,Toby,2017-11-24,M
Family,Lisa,2017-11-24,F
Sunday Review,Jill,2017-11-24,F
Africa,Norimitsu,2017-11-24,U
Baseball,Tyler,2017-11-24,M
Music,Thomas,2017-11-24,M
Europe,Guglielmo,2017-11-24,U
Media,Sapna,2017-11-24,F
Africa,Alan,2017-11-24,M
Australia,Damien,2017-11-24,M
College Basketball,Marc,2017-11-24,M
Television,Andrew,2017-11-24,M
Europe,Andrew,2017-11-24,M
Australia,Jackie,2017-11-24,GN
Politics,Emily,2017-11-24,F
Hockey,Dave,2017-11-24,M
Politics,Jim,2017-11-23,M
Europe,Matthew,2017-11-23,M
Economy,Natalie,2017-11-23,F
Music,Giovanni,2017-11-23,M
Africa,Norimitsu,2017-11-23,U
Politics,Michael,2017-11-23,M
Personal Tech,J.,2017-11-23,U
Sunday Review,Victor,2017-11-23,M
Art & Design,Roberta,2017-11-23,F
Music,James,2017-11-23,M
Africa,Alan,2017-11-23,M
Europe,Joseph,2017-11-23,M
Sunday Review,Maureen,2017-11-23,F
Art & Design,Ted,2017-11-23,M
Music,James,2017-11-23,M
Americas,Daniel,2017-11-23,M
Asia Pacific,Hannah,2017-11-23,F
Europe,Andrew,2017-11-23,M
Art & Design,Nicholas,2017-11-23,M
Columnists,Bret,2017-11-23,M
Dance,Gia,2017-11-23,F
Asia Pacific,Austin,2017-11-23,M
Television,Thomas,2017-11-23,M
Television,Andrew,2017-11-23,M
Pro Football,Benjamin,2017-11-23,M
Asia Pacific,Mehreen,2017-11-23,F
Politics,Yamiche,2017-11-23,U
Television,Jeremy,2017-11-23,M
Politics,Emily,2017-11-23,F
Australia,Damien,2017-11-23,M
Africa,Megan,2017-11-23,F
Asia Pacific,Natalie,2017-11-23,F
Americas,Kirk,2017-11-23,M
Europe,Ivan,2017-11-23,M
Politics,Chris,2017-11-23,M
Skiing,Bill,2017-11-26,M
Middle East,Megan,2017-11-26,F
Politics,Robert,2017-11-26,M
DealBook,Sydney,2017-11-26,F
Contributors,Heng,2017-11-26,M
Europe,Carlotta,2017-11-26,F
Politics,Erica,2017-11-26,F
Middle East,Thomas,2017-11-26,M
Asia Pacific,Richard,2017-11-26,M
Media,Janet,2017-11-26,F
Music,Zachary,2017-11-26,M
Politics,Christina,2017-11-26,F
Politics,Sheryl,2017-11-26,F
Asia Pacific,Mujib,2017-11-26,U
Mind,Effy,2017-11-26,U
Asia Pacific,Jason,2017-11-26,M
Asia Pacific,Salman,2017-11-26,M
Americas,Neil,2017-11-26,M
Australia,Aarti,2017-11-26,F
Americas,Nicholas,2017-11-26,M
Television,Andrew,2017-11-26,M
Asia Pacific,Mike,2017-11-25,M
Europe,Aurelien,2017-11-25,U
Middle East,Ben,2017-11-25,M
Asia Pacific,Jacey,2017-11-25,F
Politics,Jonathan,2017-11-25,M
Sunday Review,Daniel,2017-11-25,M
Sunday Review,Frank,2017-11-25,M
Sunday Review,Roger,2017-11-25,M
Sunday Review,Stephen,2017-11-25,M
Sunday Review,Ross,2017-11-25,M
Politics,Sharon,2017-11-25,F
Asia Pacific,Vivian,2017-11-25,F
Middle East,Declan,2017-11-25,M
Europe,Barbara,2017-11-25,F
Middle East,Rukmini,2017-11-25,F
Asia Pacific,Chris,2017-11-25,M
Weddings,Vincent,2017-11-25,M
Europe,Ivan,2017-11-25,M
Americas,Elisabeth,2017-11-25,F
Asia Pacific,Salman,2017-11-25,M
Asia Pacific,Kai,2017-11-25,M
Energy & Environment ,Mike,2017-11-25,M
Energy & Environment ,Lam,2017-11-25,M
Soccer,Rory,2017-11-25,M
Television,Gabe,2017-11-25,M
Asia Pacific,Rajneesh,2017-11-25,M
Politics,Emily,2017-11-25,F
Politics,Gardiner,2017-11-25,M
Politics,Tara,2017-11-25,F
Asia Pacific,Jeffrey,2017-11-28,M
Media,John,2017-11-28,M
Politics,Linda,2017-11-28,F
Politics,Jugal,2017-11-28,U
Soccer,Tariq,2017-11-28,M
Politics,Gardiner,2017-11-28,M
DealBook,Gina,2017-11-28,F
Europe,Steven,2017-11-28,M
Politics,Katie,2017-11-28,F
Music,Joe,2017-11-28,M
DealBook,Quentin,2017-11-28,M
Energy & Environment ,Clifford,2017-11-28,M
Politics,Adam,2017-11-28,M
Canada,Dan,2017-11-28,M
Golf,Karen,2017-11-28,F
Art & Design,Holland,2017-11-28,GN
Weddings,Alix,2017-11-28,F
Columnists,Adam,2017-11-28,M
Middle East,David,2017-11-28,M
Politics,Yamiche,2017-11-28,U
Commercial Real Estate,Rosalie,2017-11-28,F
Energy & Environment ,Stanley,2017-11-28,M
Asia Pacific,Mark,2017-11-28,M
Africa,Jina,2017-11-28,F
Personal Tech,J.,2017-11-28,U
Europe,Patrick,2017-11-28,M
Politics,Daniel,2017-11-28,M
Politics,Alan,2017-11-28,M
Olympics,Rebecca,2017-11-28,F
Politics,Binyamin,2017-11-28,M
Politics,K.,2017-11-28,U
Book Review,Nicole,2017-11-28,F
Europe,Ed,2017-11-28,M
Europe,Stephen,2017-11-28,M
Economy,Eduardo,2017-11-28,M
Dance,Brian,2017-11-28,M
Music,Zachary,2017-11-28,M
Fashion & Beauty,Lindsay,2017-11-28,F
Entertainment,Alexander,2017-11-28,M
Asia Pacific,Richard,2017-11-28,M
Europe,Benjamin,2017-11-28,M
Middle East,Thomas,2017-11-28,M
Music,Ben,2017-11-28,M
Europe,Melissa,2017-11-28,F
Television,James,2017-11-28,M
Art & Design,Hilarie,2017-11-28,F
DealBook,Michael,2017-11-28,M
Asia Pacific,Choe,2017-11-28,U
Music,Jesse,2017-11-28,M
Asia Pacific,Jason,2017-11-28,M
The Daily,Michael,2017-11-28,M
Family,Ronald,2017-11-28,M
Television,Giovanni,2017-11-28,M
Book Review,Cree,2017-11-28,F
Book Review,Joyce,2017-11-28,F
Book Review,Francine,2017-11-28,F
Book Review,Luc,2017-11-28,M
Asia Pacific,Chang,2017-11-28,M
Asia Pacific,Austin,2017-11-28,M
Asia Pacific,Sui-lee,2017-11-28,U
Television,Gabe,2017-11-28,M
Soccer,Tariq,2017-11-28,M
Soccer,Rory,2017-11-28,M
Asia Pacific,Chris,2017-11-28,M
Americas,Paulina,2017-11-28,F
DealBook,Andrew,2017-11-28,M
Media,Sydney,2017-11-28,F
Americas,Kirk,2017-11-28,M
Europe,Sarah,2017-11-28,F
Economy,Noam,2017-11-28,M
Media,Michael,2017-11-28,M
Politics,Chris,2017-11-28,M
Europe,Henrik,2017-11-28,M
Columnists,Patrick,2017-11-27,M
Tennis,Christopher,2017-11-27,M
Politics,Photographs,2017-11-27,U
Politics,Binyamin,2017-11-27,M
Politics,Anna,2017-11-27,F
Europe,Joanna,2017-11-27,F
Politics,Thomas,2017-11-27,M
Middle East,Aida,2017-11-27,F
Middle East,Rick,2017-11-27,M
DealBook,Gina,2017-11-27,F
Europe,Christine,2017-11-27,F
Europe,Niraj,2017-11-27,M
Art & Design,Jon,2017-11-27,M
Politics,Julie,2017-11-27,F
Africa,Jeffrey,2017-11-27,M
DealBook,Jennifer,2017-11-27,F
Mind,Carl,2017-11-27,M
Hockey,Seth,2017-11-27,M
Book Review,Anthony,2017-11-27,M
Art & Design,Elisabeth,2017-11-27,F
Book Review,Jack,2017-11-27,M
Art & Design,Farah,2017-11-27,F
"Wine, Beer & Cocktails",Robert,2017-11-27,M
Politics,Nicholas,2017-11-27,M
Australia,Isabella,2017-11-27,F
"Wine, Beer & Cocktails",Florence,2017-11-27,F
Europe,Melissa,2017-11-27,F
Music,Ben,2017-11-27,M
"Wine, Beer & Cocktails",Florence,2017-11-27,F
Politics,Katie,2017-11-27,F
Asia Pacific,Richard,2017-11-27,M
Politics,Eileen,2017-11-27,F
Dance,Gia,2017-11-27,F
Politics,Jim,2017-11-27,M
Personal Tech,J.,2017-11-27,U
Asia Pacific,Motoko,2017-11-27,U
Asia Pacific,Jason,2017-11-27,M
Americas,Elisabeth,2017-11-27,F
The Daily,Michael,2017-11-27,M
Europe,Kimiko,2017-11-27,F
Europe,Guglielmo,2017-11-27,U
Politics,Adam,2017-11-27,M
Family,Perri,2017-11-27,F
Asia Pacific,Austin,2017-11-27,M
Asia Pacific,Salman,2017-11-27,M
Television,Gabe,2017-11-27,M
Olympics,Christopher,2017-11-27,M
Television,Charles,2017-11-27,M
Television,Genevieve,2017-11-27,F
Baseball,James,2017-11-27,M
Media,Murray,2017-11-27,M
Politics,Kenneth,2017-11-27,M
Middle East,Isabel,2017-11-27,F
Politics,Julie,2017-11-30,F
Americas,Ana,2017-11-30,F
Americas,Daniel,2017-11-30,M
Art & Design,Brett,2017-11-30,M
Fashion & Beauty,Isabel,2017-11-30,F
Media,Jaclyn,2017-11-30,F
Music,Ben,2017-11-30,M
Europe,Camilla,2017-11-30,F
Soccer,Rory,2017-11-30,M
Golf,Karen,2017-11-30,F
Golf,Lisa,2017-11-30,F
Middle East,Nick,2017-11-30,M
Dance,Gia,2017-11-30,F
Music,David,2017-11-30,M
Music,Elisabeth,2017-11-30,F
Politics,Helene,2017-11-30,F
Europe,Carlotta,2017-11-30,F
Politics,Charlie,2017-11-30,M
Europe,Benjamin,2017-11-30,M
Sunday Review,Sandeep,2017-11-30,M
Politics,Alicia,2017-11-30,F
Art & Design,Jason,2017-11-30,M
Energy & Environment ,Diane,2017-11-30,F
Pro Football,Benjamin,2017-11-30,M
Europe,Neil,2017-11-30,M
Politics,Thomas,2017-11-30,M
Politics,Robert,2017-11-30,M
Politics,Dave,2017-11-30,M
Politics,Ainara,2017-11-30,F
Asia Pacific,Jason,2017-11-30,M
Australia,Adam,2017-11-30,M
Media,Rachel,2017-11-30,F
Lesson Plans,Patrick,2017-11-30,M
Energy & Environment ,Stanley,2017-11-30,M
"Wine, Beer & Cocktails",Eric,2017-11-30,M
Europe,Richard,2017-11-30,M
Politics,Yamiche,2017-11-30,U
Europe,Melissa,2017-11-30,F
Europe,Stephen,2017-11-30,M
Pro Football,Justin,2017-11-30,M
Personal Tech,J.,2017-11-30,U
Politics,Peter,2017-11-30,M
Europe,Elisabetta,2017-11-30,F
Middle East,David,2017-11-30,M
Media,Michael,2017-11-30,M
Asia Pacific,Chris,2017-11-30,M
The Daily,Michael,2017-11-30,M
Television,Giovanni,2017-11-30,M
Book Review,Jennifer,2017-11-30,F
Book Review,Vanessa,2017-11-30,F
Television,Robert,2017-11-30,M
Book Review,Jay,2017-11-30,M
Book Review,Michael,2017-11-30,M
Book Review,Dominique,2017-11-30,F
Politics,Alan,2017-11-30,M
College Football,Marc,2017-11-30,M
Book Review,Douglas,2017-11-30,M
Book Review,Jason,2017-11-30,M
Asia Pacific,Jane,2017-11-30,F
Asia Pacific,Choe,2017-11-30,U
Australia,Isabella,2017-11-30,F
Asia Pacific,Norimitsu,2017-11-30,U
Americas,Elisabeth,2017-11-30,F
Music,Claudio,2017-11-30,M
Television,Andrew,2017-11-30,M
Politics,Maggie,2017-11-30,F
Television,Jeremy,2017-11-30,M
Politics,Linda,2017-11-30,F
Media,Jim,2017-11-30,M
Baseball,Billy,2017-11-30,M
Politics,Matt,2017-11-30,M
Politics,Binyamin,2017-11-30,M
Europe,Benjamin,2017-11-30,M
Pro Basketball,Benjamin,2017-11-30,M
Americas,Daniel,2017-11-30,M
Politics,Ana,2017-11-30,F
Politics,Jim,2017-11-30,M
Asia Pacific,David,2017-11-30,M
Pro Football,Ken,2017-11-30,M
Politics,Adam,2017-11-30,M
DealBook,Robert,2017-11-29,M
Europe,Dan,2017-11-29,M
Politics,Nicholas,2017-11-29,M
Middle East,Nour,2017-11-29,F
Americas,Elisabeth,2017-11-29,F
Australia,Damien,2017-11-29,M
Politics,Robert,2017-11-29,M
Media,Michael,2017-11-29,M
Politics,Thomas,2017-11-29,M
Middle East,Megan,2017-11-29,F
Politics,Jasmine,2017-11-29,F
College Basketball,Jeff,2017-11-29,M
Art & Design,Martha,2017-11-29,F
Art & Design,Andrew,2017-11-29,M
Europe,Stephen,2017-11-29,M
Television,James,2017-11-29,M
Middle East,Rick,2017-11-29,M
Lesson Plans,Larry,2017-11-29,M
Music,Jon,2017-11-29,M
Asia Pacific,Drew,2017-11-29,M
Live,Nicholas,2017-11-29,M
Asia Pacific,Max,2017-11-29,M
Politics,Jim,2017-11-29,M
Asia Pacific,Jason,2017-11-29,M
Soccer,Victor,2017-11-29,M
Music,Jon,2017-11-29,M
Golf,Victor,2017-11-29,M
Art & Design,Joshua,2017-11-29,M
Media,Amie,2017-11-29,F
Media,Maya,2017-11-29,F
Politics,Jim,2017-11-29,M
Politics,Adam,2017-11-29,M
Europe,Rod,2017-11-29,M
Pro Football,Joe,2017-11-29,M
Personal Tech,Emily,2017-11-29,F
Mind,Nicholas,2017-11-29,M
Dance,Gia,2017-11-29,F
Music,Joe,2017-11-29,M
Media,Matthew,2017-11-29,M
Asia Pacific,Mark,2017-11-29,M
Personal Tech,Brian,2017-11-29,M
Dance,Joshua,2017-11-29,M
Personal Tech,J.,2017-11-29,U
Economy,Binyamin,2017-11-29,M
Politics,Peter,2017-11-29,M
Europe,Marlise,2017-11-29,F
Media,Ellen,2017-11-29,F
DealBook,Andrew,2017-11-29,M
The Daily,Michael,2017-11-29,M
Art & Design,Will,2017-11-29,M
Family,Lisa,2017-11-29,F
Asia Pacific,Felipe,2017-11-29,M
Television,Giovanni,2017-11-29,M
Politics,Sheryl,2017-11-29,F
Book Review,Andrew,2017-11-29,M
Book Review,Evelyn,2017-11-29,F
Book Review,Simon,2017-11-29,M
Asia Pacific,Chris,2017-11-29,M
Book Review,Marilyn,2017-11-29,F
DealBook,Chad,2017-11-29,M
Asia Pacific,Austin,2017-11-29,M
Australia,Adam,2017-11-29,M
Commercial Real Estate,Nick,2017-11-29,M
Television,Andrew,2017-11-29,M
Politics,Robin,2017-11-29,F
Move,Gretchen,2017-11-29,F
Politics,Maggie,2017-11-29,F
Politics,Alan,2017-11-29,M
Politics,Thomas,2017-11-29,M
Politics,Nicholas,2017-11-29,M
